   0, 13300020001
   1, 13300020002
   2, 13300020003
   3, 13300010001
   4, 13300020004
   5, 13300020005
   6, 13300010002
   7, 13300010003
   8, 13300010004
   9, 13300010005
  10, 13300010006
  11, 13300020006
  12, 13300020007
  13, 13300020008
  14, 13300010007
  15, 13300020009
  16, 13300020010
  17, 13300020011
  18, 13300020012
  19, 13300010008
  20, 13300010009
  21, 13300010010
  22, 13300020013
  23, 13300020014
  24, 13300020015
  25, 13300020016
  26, 13300020017
  27, 13300020018
  28, 13300020019
  29, 13300020020
  30, 13300020021
  31, 13300020022
  32, 13300020023
  33, 13300020024
  34, 13300020025
  35, 13300020026
  36, 13300020027
  37, 13300020028
  38, 13300010011
  39, 13300010012
  40, 13300020029
  41, 13300020030
  42, 13300020031
  43, 13300020032
  44, 13300020033
  45, 13300020034
  46, 13300020035
  47, 13300020036
  48, 13300020037
  49, 13300020038
  50, 13300020039
  51, 13300020040
  52, 13300010013
  53, 13300010014
  54, 13300020041
  55, 13300010015
  56, 13300020042
  57, 13300010016
  58, 13300020043
  59, 13300020044
  60, 13300020045
  61, 13300020046
  62, 13300020047
  63, 13300020048
  64, 13300010017
  65, 13300020049
  66, 13300020050
  67, 13300010018
  68, 13300020051
  69, 13300020052
  70, 13300020053
  71, 13300020054
  72, 13300020055
  73, 13300010019
  74, 13300020056
  75, 13300020057
  76, 13300020058
  77, 13300020059
  78, 13300020060
  79, 13300020061
  80, 13300010020
  81, 13300010021
  82, 13300020062
  83, 13300020063
  84, 13300020064
  85, 13300020065
  86, 13300020066
  87, 13300020067
  88, 13300020068
  89, 13300010022
  90, 13300010023
  91, 13300020069
  92, 13300020070
  93, 13300010024
  94, 13300020071
  95, 13300020072
  96, 13300010025
  97, 13300010026
  98, 13300010027
  99, 13300010028
 100, 13300010029
 101, 13300010030
 102, 13300020073
 103, 13300010031
 104, 13300010032
 105, 13300010033
 106, 13300020074
 107, 13300020075
 108, 13300010034
 109, 13300020076
 110, 13300020077
 111, 13300020078
 112, 13300020079
 113, 13300020080
 114, 13300020081
 115, 13300020082
 116, 13300020083
 117, 13300010035
 118, 13300020084
 119, 13300020085
 120, 13300020086
 121, 13300010036
 122, 13300020087
 123, 13300020088
 124, 13300020089
 125, 13300010037
 126, 13300010038
 127, 13300010039
 128, 13300010040
 129, 13300010041
 130, 13300020090
 131, 13300020091
 132, 13300020092
 133, 13300020093
 134, 13300020094
 135, 13300010042
 136, 13300020095
 137, 13300010043
 138, 13300010044
 139, 13300020096
 140, 13300010045
 141, 13300010046
 142, 13300020097
 143, 13300010047
 144, 13300020098
 145, 13300010048
 146, 13300020099
 147, 13300010049
 148, 13300020100
 149, 13300010050
 150, 13300020101
 151, 13300020102
 152, 13300020103
 153, 13300010051
 154, 13300010052
 155, 13300010053
 156, 13300020104
 157, 13300020105
 158, 13300010054
 159, 13300010055
 160, 13300020106
 161, 13300020107
 162, 13300020108
 163, 13300020109
 164, 13300020110
 165, 13300020111
 166, 13300020112
 167, 13300020113
 168, 13300010056
 169, 13300020114
 170, 13300010057
 171, 13300020115
 172, 13300010058
 173, 13300010059
 174, 13300020116
 175, 13300020117
 176, 13300010060
 177, 13300020118
 178, 13300020119
 179, 13300020120
 180, 13300020121
 181, 13300020122
 182, 13300020123
 183, 13300020124
 184, 13300020125
 185, 13300010061
 186, 13300010062
 187, 13300020126
 188, 13300020127
 189, 13300020128
 190, 13300020129
 191, 13300020130
 192, 13300020131
 193, 13300020132
 194, 13300020133
 195, 13300020134
 196, 13300020135
 197, 13300020136
 198, 13300020137
 199, 13300010063
 200, 13300020138
 201, 13300020139
 202, 13300020140
 203, 13300020141
 204, 13300020142
 205, 13300020143
 206, 13300020144
 207, 13300020145
 208, 13300020146
 209, 13300010064
 210, 13300010065
 211, 13300020147
 212, 13300020148
 213, 13300010066
 214, 13300020149
 215, 13300020150
 216, 13300020151
 217, 13300020152
 218, 13300010067
 219, 13300020153
 220, 13300020154
 221, 13300010068
 222, 13300020155
 223, 13300020156
 224, 13300010069
 225, 13300020157
 226, 13300010070
 227, 13300020158
 228, 13300020159
 229, 13300020160
 230, 13300020161
 231, 13300020162
 232, 13300020163
 233, 13300020164
 234, 13300010071
 235, 13300020165
 236, 13300010072
 237, 13300020166
 238, 13300010073
 239, 13300010074
 240, 13300010075
 241, 13300020167
 242, 13300010076
 243, 13300020168
 244, 13300010077
 245, 13300020169
 246, 13300010078
 247, 13300020170
 248, 13300020171
 249, 13300020172
 250, 13300020173
 251, 13300020174
 252, 13300020175
 253, 13300020176
 254, 13300010079
 255, 13300010080
 256, 13300020177
 257, 13300010081
 258, 13300020178
 259, 13300020179
 260, 13300010082
 261, 13300020180
 262, 13300020181
 263, 13300020182
 264, 13300010083
 265, 13300010084
 266, 13300020183
 267, 13300010085
 268, 13300020184
 269, 13300010086
 270, 13300020185
 271, 13300020186
 272, 13300020187
 273, 13300010087
 274, 13300020188
 275, 13300010088
 276, 13300020189
 277, 13300010089
 278, 13300010090
 279, 13300010091
 280, 13300020190
 281, 13300020191
 282, 13300010092
 283, 13300020192
 284, 13300010093
 285, 13300020193
 286, 13300010094
 287, 13300010095
 288, 13300020194
 289, 13300020195
 290, 13300010096
 291, 13300010097
 292, 13300020196
 293, 13300010098
 294, 13300020197
 295, 13300020198
 296, 13300020199
 297, 13300020200
 298, 13300020201
 299, 13300020202
 300, 13300020203
 301, 13300020204
 302, 13300020205
 303, 13300010099
 304, 13300010100
 305, 13300010101
 306, 13300010102
 307, 13300020206
 308, 13300020207
 309, 13300010103
 310, 13300020208
 311, 13300010104
 312, 13300020209
 313, 13300020210
 314, 13300020211
 315, 13300020212
 316, 13300010105
 317, 13300010106
 318, 13300020213
 319, 13300010107
 320, 13300020214
 321, 13300020215
 322, 13300020216
 323, 13300020217
 324, 13300010108
 325, 13300010109
 326, 13300020218
 327, 13300020219
 328, 13300020220
 329, 13300010110
 330, 13300020221
 331, 13300010111
 332, 13300010112
 333, 13300020222
 334, 13300020223
 335, 13300020224
 336, 13300020225
 337, 13300020226
 338, 13300020227
 339, 13300010113
 340, 13300020228
 341, 13300020229
 342, 13300020230
 343, 13300020231
 344, 13300010114
 345, 13300020232
 346, 13300010115
 347, 13300020233
 348, 13300020234
 349, 13300010116
 350, 13300020235
 351, 13300020236
 352, 13300020237
 353, 13300010117
 354, 13300020238
 355, 13300020239
 356, 13300010118
 357, 13300020240
 358, 13300010119
 359, 13300020241
 360, 13300010120
 361, 13300020242
 362, 13300020243
 363, 13300020244
 364, 13300020245
 365, 13300020246
 366, 13300010121
 367, 13300020247
 368, 13300020248
 369, 13300010122
 370, 13300020249
 371, 13300020250
 372, 13300010123
 373, 13300010124
 374, 13300010125
 375, 13300010126
 376, 13300010127
 377, 13300020251
 378, 13300010128
 379, 13300010129
 380, 13300020252
 381, 13300020253
 382, 13300020254
 383, 13300010130
 384, 13300020255
 385, 13300020256
 386, 13300010131
 387, 13300020257
 388, 13300020258
 389, 13300010132
 390, 13300020259
 391, 13300020260
 392, 13300020261
 393, 13300020262
 394, 13300020263
 395, 13300020264
 396, 13300020265
 397, 13300020266
 398, 13300010133
 399, 13300020267
 400, 13300020268
 401, 13300020269
 402, 13300020270
 403, 13300010134
 404, 13300020271
 405, 13300020272
 406, 13300020273
 407, 13300020274
 408, 13300020275
 409, 13300020276
 410, 13300020277
 411, 13300020278
 412, 13300020279
 413, 13300010135
 414, 13300020280
 415, 13300020281
 416, 13300020282
 417, 13300020283
 418, 13300020284
 419, 13300020285
 420, 13300010136
 421, 13300020286
 422, 13300010137
 423, 13300010138
 424, 13300020287
 425, 13300010139
 426, 13300020288
 427, 13300010140
 428, 13300010141
 429, 13300020289
 430, 13300020290
 431, 13300020291
 432, 13300020292
 433, 13300020293
 434, 13300020294
 435, 13300020295
 436, 13300020296
 437, 13300020297
 438, 13300020298
 439, 13300020299
 440, 13300020300
 441, 13300020301
 442, 13300010142
 443, 13300020302
 444, 13300020303
 445, 13300020304
 446, 13300020305
 447, 13300010143
 448, 13300020306
 449, 13300020307
 450, 13300020308
 451, 13300020309
 452, 13300010144
 453, 13300020310
 454, 13300020311
 455, 13300010145
 456, 13300010146
 457, 13300010147
 458, 13300020312
 459, 13300020313
 460, 13300020314
 461, 13300010148
 462, 13300020315
 463, 13300020316
 464, 13300020317
 465, 13300010149
 466, 13300010150
 467, 13300020318
 468, 13300020319
 469, 13300020320
 470, 13300020321
 471, 13300010151
 472, 13300020322
 473, 13300010152
 474, 13300020323
 475, 13300010153
 476, 13300020324
 477, 13300020325
 478, 13300010154
 479, 13300020326
 480, 13300020327
 481, 13300020328
 482, 13300020329
 483, 13300020330
 484, 13300020331
 485, 13300020332
 486, 13300020333
 487, 13300020334
 488, 13300010155
 489, 13300020335
 490, 13300020336
 491, 13300020337
 492, 13300020338
 493, 13300020339
 494, 13300020340
 495, 13300020341
 496, 13300020342
 497, 13300020343
 498, 13300020344
 499, 13300020345
 500, 13300020346
 501, 13300020347
 502, 13300020348
 503, 13300020349
 504, 13300020350
 505, 13300020351
 506, 13300020352
 507, 13300010156
 508, 13300010157
 509, 13300020353
 510, 13300020354
 511, 13300020355
 512, 13300010158
 513, 13300010159
 514, 13300010160
 515, 13300020356
 516, 13300010161
 517, 13300010162
 518, 13300020357
 519, 13300020358
 520, 13300020359
 521, 13300020360
 522, 13300020361
 523, 13300010163
 524, 13300020362
 525, 13300020363
 526, 13300020364
 527, 13300020365
 528, 13300020366
 529, 13300010164
 530, 13300020367
 531, 13300010165
 532, 13300020368
 533, 13300020369
 534, 13300020370
 535, 13300020371
 536, 13300010166
 537, 13300020372
 538, 13300010167
 539, 13300010168
 540, 13300020373
 541, 13300020374
 542, 13300020375
 543, 13300020376
 544, 13300020377
 545, 13300020378
 546, 13300010169
 547, 13300020379
 548, 13300020380
 549, 13300010170
 550, 13300020381
 551, 13300010171
 552, 13300020382
 553, 13300020383
 554, 13300020384
 555, 13300020385
 556, 13300010172
 557, 13300020386
 558, 13300020387
 559, 13300010173
 560, 13300010174
 561, 13300020388
 562, 13300020389
 563, 13300020390
 564, 13300020391
 565, 13300020392
 566, 13300020393
 567, 13300010175
 568, 13300010176
 569, 13300010177
 570, 13300020394
 571, 13300020395
 572, 13300020396
 573, 13300010178
 574, 13300020397
 575, 13300020398
 576, 13300010179
 577, 13300020399
 578, 13300020400
 579, 13300020401
 580, 13300020402
 581, 13300020403
 582, 13300020404
 583, 13300020405
 584, 13300020406
 585, 13300020407
 586, 13300010180
 587, 13300010181
 588, 13300010182
 589, 13300020408
 590, 13300010183
 591, 13300010184
 592, 13300020409
 593, 13300020410
 594, 13300020411
 595, 13300020412
 596, 13300010185
 597, 13300020413
 598, 13300020414
 599, 13300010186
 600, 13300020415
 601, 13300020416
 602, 13300020417
 603, 13300010187
 604, 13300020418
 605, 13300020419
 606, 13300010188
 607, 13300020420
 608, 13300010189
 609, 13300020421
 610, 13300020422
 611, 13300010190
 612, 13300020423
 613, 13300020424
 614, 13300020425
 615, 13300020426
 616, 13300020427
 617, 13300010191
 618, 13300020428
 619, 13300020429
 620, 13300020430
 621, 13300020431
 622, 13300010192
 623, 13300020432
 624, 13300020433
 625, 13300020434
 626, 13300020435
 627, 13300020436
 628, 13300020437
 629, 13300010193
 630, 13300020438
 631, 13300020439
 632, 13300010194
 633, 13300020440
 634, 13300020441
 635, 13300020442
 636, 13300020443
 637, 13300010195
 638, 13300010196
 639, 13300020444
 640, 13300010197
 641, 13300020445
 642, 13300020446
 643, 13300020447
 644, 13300020448
 645, 13300020449
 646, 13300020450
 647, 13300010198
 648, 13300010199
 649, 13300010200
 650, 13300010201
 651, 13300020451
 652, 13300020452
 653, 13300010202
 654, 13300010203
 655, 13300020453
 656, 13300020454
 657, 13300020455
 658, 13300020456
 659, 13300020457
 660, 13300010204
 661, 13300020458
 662, 13300020459
 663, 13300020460
 664, 13300010205
 665, 13300010206
 666, 13300020461
 667, 13300020462
 668, 13300020463
 669, 13300010207
 670, 13300010208
 671, 13300020464
 672, 13300010209
 673, 13300020465
 674, 13300020466
 675, 13300010210
 676, 13300020467
 677, 13300010211
 678, 13300020468
 679, 13300020469
 680, 13300020470
 681, 13300010212
 682, 13300010213
 683, 13300020471
 684, 13300020472
 685, 13300010214
 686, 13300020473
 687, 13300010215
 688, 13300010216
 689, 13300020474
 690, 13300010217
 691, 13300020475
 692, 13300020476
 693, 13300020477
 694, 13300020478
 695, 13300020479
 696, 13300020480
 697, 13300010218
 698, 13300020481
 699, 13300020482
 700, 13300010219
 701, 13300020483
 702, 13300010220
 703, 13300020484
 704, 13300020485
 705, 13300020486
 706, 13300020487
 707, 13300020488
 708, 13300010221
 709, 13300010222
 710, 13300020489
 711, 13300020490
 712, 13300020491
 713, 13300010223
 714, 13300020492
 715, 13300020493
 716, 13300020494
 717, 13300020495
 718, 13300020496
 719, 13300020497
 720, 13300020498
 721, 13300020499
 722, 13300010224
 723, 13300010225
 724, 13300010226
 725, 13300010227
 726, 13300020500
 727, 13300020501
 728, 13300010228
 729, 13300020502
 730, 13300020503
 731, 13300020504
 732, 13300010229
 733, 13300010230
 734, 13300020505
 735, 13300010231
 736, 13300010232
 737, 13300010233
 738, 13300020506
 739, 13300010234
 740, 13300020507
 741, 13300020508
 742, 13300010235
 743, 13300020509
 744, 13300010236
 745, 13300020510
 746, 13300020511
 747, 13300020512
 748, 13300020513
 749, 13300020514
 750, 13300020515
 751, 13300020516
 752, 13300020517
 753, 13300010237
 754, 13300010238
 755, 13300010239
 756, 13300020518
 757, 13300020519
 758, 13300020520
 759, 13300020521
 760, 13300020522
 761, 13300020523
 762, 13300020524
 763, 13300020525
 764, 13300010240
 765, 13300020526
 766, 13300020527
 767, 13300020528
 768, 13300020529
 769, 13300020530
 770, 13300010241
 771, 13300010242
 772, 13300020531
 773, 13300020532
 774, 13300020533
 775, 13300020534
 776, 13300020535
 777, 13300020536
 778, 13300020537
 779, 13300010243
 780, 13300020538
 781, 13300010244
 782, 13300010245
 783, 13300020539
 784, 13300020540
 785, 13300020541
 786, 13300020542
 787, 13300020543
 788, 13300020544
 789, 13300020545
 790, 13300020546
 791, 13300020547
 792, 13300020548
 793, 13300020549
 794, 13300020550
 795, 13300020551
 796, 13300020552
 797, 13300010246
 798, 13300020553
 799, 13300010247
 800, 13300020554
 801, 13300020555
 802, 13300020556
 803, 13300020557
 804, 13300020558
 805, 13300010248
 806, 13300020559
 807, 13300010249
 808, 13300020560
 809, 13300020561
 810, 13300010250
 811, 13300020562
 812, 13300010251
 813, 13300020563
 814, 13300020564
 815, 13300020565
 816, 13300010252
 817, 13300020566
 818, 13300020567
 819, 13300020568
 820, 13300010253
 821, 13300010254
 822, 13300020569
 823, 13300020570
 824, 13300010255
 825, 13300010256
 826, 13300020571
 827, 13300020572
 828, 13300010257
 829, 13300020573
 830, 13300010258
 831, 13300020574
 832, 13300020575
 833, 13300010259
 834, 13300020576
 835, 13300020577
 836, 13300020578
 837, 13300010260
 838, 13300020579
 839, 13300010261
 840, 13300010262
 841, 13300020580
 842, 13300020581
 843, 13300010263
 844, 13300020582
 845, 13300010264
 846, 13300020583
 847, 13300020584
 848, 13300020585
 849, 13300020586
 850, 13300020587
 851, 13300010265
 852, 13300020588
 853, 13300020589
 854, 13300020590
 855, 13300020591
 856, 13300020592
 857, 13300020593
 858, 13300020594
 859, 13300020595
 860, 13300020596
 861, 13300020597
 862, 13300020598
 863, 13300020599
 864, 13300020600
 865, 13300010266
 866, 13300010267
 867, 13300010268
 868, 13300020601
 869, 13300010269
 870, 13300020602
 871, 13300010270
 872, 13300020603
 873, 13300010271
 874, 13300010272
 875, 13300010273
 876, 13300020604
 877, 13300010274
 878, 13300020605
 879, 13300010275
 880, 13300020606
 881, 13300020607
 882, 13300020608
 883, 13300020609
 884, 13300020610
 885, 13300020611
 886, 13300010276
 887, 13300020612
 888, 13300020613
 889, 13300010277
 890, 13300020614
 891, 13300020615
 892, 13300020616
 893, 13300020617
 894, 13300010278
 895, 13300010279
 896, 13300020618
 897, 13300010280
 898, 13300010281
